SNP,posID,CHR,BP,ALLELE1,ALLELE0,A1FREQ,IND,GENE,NEW_hit,LOC_con,sex
rs121918007,1:21564139:G:A,1,21564139,A,G,0.007493,1,ALPL,Y,ALPL,Female
rs2230288,1:155236376:C:T,1,155236376,T,C,0.025837,2,GBA,Y,KRCTAP2/GBA1,Male
rs73949308,2:105800026:A:G,2,105800026,G,A,0.036232,4,NCK2,N,NCK2,Female
rs6436445,2:223857729:C:T,2,223857729,T,C,0.233571,5,ENSG00000286239,Y,WDFY1-AP1S3,Male/Sex-Het
rs12694928,2:233127983:T:A,2,233127983,A,T,0.494158,6,INPP5D,N,INPP5D,Female
rs6448453,4:11024404:G:A,4,11024404,A,G,0.231072,7,CLNK,N,CLNK/HS3ST1,Female
rs3957148,6:32714360:A:G,6,32714360,G,A,0.112066,8,HLA-DQA2,N,HLA,Male
rs181286180,6:41091846:C:G,6,41091846,G,C,0.004029,9,OARD1,N,TREM2,Female
rs76928645,7:54873635:C:T,7,54873635,T,C,0.110114,10,SEC61G,N,SEC61G,Female
rs1532278,8:27608798:C:T,8,27608798,T,C,0.406985,11,CLU,N,CLU/PTK2B,Female
rs11137524,9:89151791:G:A,9,89151791,A,G,0.328809,12,SHC3,Y,SHC3,Female
rs10748526,10:80513323:C:T,10,80513323,T,C,0.238492,13,TSPAN14,N,TSPAN14,Female
rs11218343,11:121564878:T:C,11,121564878,C,T,0.032731,15,SORL1,N,SORL1,Female
rs12590654,14:92472511:G:A,14,92472511,A,G,0.329046,16,SLC24A4,N,SLC24A4/RIN3,Female
rs34417180,16:72185857:C:A,16,72185857,A,C,0.167332,19,PMFBP1,Y,PMFBP1,Female
rs8712,17:46024505:A:G,17,46024505,G,A,0.16922,20,MAPT,N,NSF/MAPT/KANSL1,Male
rs4311,17:63483402:C:T,17,63483402,T,C,0.472924,21,ACE,N,ACE,Male
rs111278892,19:1039324:C:G,19,1039324,G,C,0.139501,22,CNN2,N,ABCA7,Female
rs188751991,20:430636:C:T,20,430636,T,C,0.025734,23,RBCK1,N,RBCK1,Female
rs76556759,21:26703641:G:A,21,26703641,A,G,0.112381,24,CYYR1,N,APP/ADAMTS1,Male